Morphobank ID	Title of Morphobank project	URL
P483	A review of the geckos of the genus Hemidactylus (Squamata: Gekkonidae) from Oman based on morphology mitochondrial and nuclear data with descriptions of eight new species	http://www.morphobank.org/index.php/Projects/ProjectOverview/project_id/483
P536	Verified non-indigenous amphibians and reptiles in Florida from 1863 through 2010: Outlining the invasion process and identifying invasion pathways and stages	http://www.morphobank.org/index.php/Projects/ProjectOverview/project_id/536
P726	The tadpole of Physalaemus jordanensis Bokermann 1967 (Anura Leiuperidae) from Campos do Jordão Serra da Mantiqueira Southeastern Brazil	http://www.morphobank.org/index.php/Projects/ProjectOverview/project_id/726
P759	Review of Teiid Morphology with a Revised Taxonomy and Phylogeny of the Teiidae (Lepidosauria: Squamata)	http://www.morphobank.org/index.php/Projects/ProjectOverview/project_id/759
P840	Larval buccopharyngeal morphology of Physalaemus olfersii (Anura: Leptodactylidae)	http://www.morphobank.org/index.php/Projects/ProjectOverview/project_id/840
P924	A morphology-based phylogeny of the Liolaemus alticolor–bibronii group (IGUANIA: LIOLAEMIDAE)	http://www.morphobank.org/index.php/Projects/ProjectOverview/project_id/924
P936	Phylogenetic Analysis of Arsenura Duncan (Lepidoptera Saturniidae Arsenurinae) based on adult morphology	http://www.morphobank.org/index.php/Projects/ProjectOverview/project_id/936
P168	A new species of Leucochrysa and a redescription of Leucochrysa (Nodita) clepsydra Banks (Neuroptera: Chrysopidae)	http://www.morphobank.org/index.php/Projects/ProjectOverview/project_id/168
P189	The Naticidae (Mollusca: Gastropoda) of Giglio Island (Tuscany Italy): Shell characters live animals and a molecular analysis of egg masses	http://www.morphobank.org/index.php/Projects/ProjectOverview/project_id/189
P241	Conolophus marthae sp.nov. (Squamata Iguanidae) a new species of land iguana from the Galápagos archipelago	http://www.morphobank.org/index.php/Projects/ProjectOverview/project_id/241
